transponder_id,loop,utcTimestamp,utcTime,lapTime,lapSpeed,maxSpeed,cameraPreset,cameraPan,cameraTilt,cameraZoom,eventName,recSegmentId,trackedRider
GR11874,L07,1739548871.228,2025-02-14 16:01:11.228000,0.0,,,,,,,17:00 - 20:00 Vlaamse Wielerschool,,
GR11874,L06,1739548872.685,2025-02-14 16:01:12.685000,1.457,,,,,,,17:00 - 20:00 Vlaamse Wielerschool,,
GR11874,L07,1739548882.079,2025-02-14 16:01:22.079000,10.851,,,,,,,17:00 - 20:00 Vlaamse Wielerschool,,
GR11874,L01,1739548884.217,2025-02-14 16:01:24.217000,12.989,,,,,,,17:00 - 20:00 Vlaamse Wielerschool,,
GR11874,L02,1739548888.066,2025-02-14 16:01:28.066000,16.838,,,,,,,17:00 - 20:00 Vlaamse Wielerschool,,
GR11874,L03,1739548889.711,2025-02-14 16:01:29.711000,18.483,,,,,,,17:00 - 20:00 Vlaamse Wielerschool,,
GR11874,L04,1739548896.002,2025-02-14 16:01:36.002000,24.774,,,,,,,17:00 - 20:00 Vlaamse Wielerschool,,
GR11874,L05,1739548900.847,2025-02-14 16:01:40.847000,29.619,,,,,,,17:00 - 20:00 Vlaamse Wielerschool,,
GR11874,L06,1739548901.95,2025-02-14 16:01:41.950000,29.265,,,,,,,17:00 - 20:00 Vlaamse Wielerschool,,
SC98900,L07,1739548906.151,2025-02-14 16:01:46.151000,0.0,,,,,,,17:00 - 20:00 Vlaamse Wielerschool,,
SC98900,L05,1739548910.435,2025-02-14 16:01:50.435000,4.284,,,,,,,17:00 - 20:00 Vlaamse Wielerschool,,
GR11874,L07,1739548910.441,2025-02-14 16:01:50.441000,28.362,,,,,,,17:00 - 20:00 Vlaamse Wielerschool,,
SC98900,L06,1739548911.39,2025-02-14 16:01:51.390000,5.239,,,,,,,17:00 - 20:00 Vlaamse Wielerschool,,
GR11874,L01,1739548912.444,2025-02-14 16:01:52.444000,28.227,,,,,,,17:00 - 20:00 Vlaamse Wielerschool,,
GR11874,L02,1739548916.075,2025-02-14 16:01:56.075000,28.009,,,,,,,17:00 - 20:00 Vlaamse Wielerschool,,
GR11874,L03,1739548917.668,2025-02-14 16:01:57.668000,27.957,,,,,,,17:00 - 20:00 Vlaamse Wielerschool,,
SC98900,L07,1739548918.544,2025-02-14 16:01:58.544000,12.393,,,,,,,17:00 - 20:00 Vlaamse Wielerschool,,
SC98900,L01,1739548920.212,2025-02-14 16:02:00.212000,14.061,,,,,,,17:00 - 20:00 Vlaamse Wielerschool,,
GR11874,L04,1739548923.38,2025-02-14 16:02:03.380000,27.378,,,,,,,17:00 - 20:00 Vlaamse Wielerschool,,
SC98900,L02,1739548923.751,2025-02-14 16:02:03.751000,17.6,,,,,,,17:00 - 20:00 Vlaamse Wielerschool,,
SC98900,L03,1739548925.425,2025-02-14 16:02:05.425000,19.274,,,,,,,17:00 - 20:00 Vlaamse Wielerschool,,
GR11874,L05,1739548927.663,2025-02-14 16:02:07.663000,26.816,,,,,,,17:00 - 20:00 Vlaamse Wielerschool,,
GR11874,L06,1739548928.638,2025-02-14 16:02:08.638000,26.688,,,,,,,17:00 - 20:00 Vlaamse Wielerschool,,
SC98900,L04,1739548931.189,2025-02-14 16:02:11.189000,25.038,,,,,,,17:00 - 20:00 Vlaamse Wielerschool,,
SC98900,L05,1739548935.524,2025-02-14 16:02:15.524000,25.089,,,,,,,17:00 - 20:00 Vlaamse Wielerschool,,
GR11874,L07,1739548935.994,2025-02-14 16:02:15.994000,25.553,,,,,,,17:00 - 20:00 Vlaamse Wielerschool,,
SC98900,L06,1739548936.591,2025-02-14 16:02:16.591000,25.201,,,,,,,17:00 - 20:00 Vlaamse Wielerschool,,
GR11874,L01,1739548937.717,2025-02-14 16:02:17.717000,25.273,,,,,,,17:00 - 20:00 Vlaamse Wielerschool,,
GR11874,L02,1739548941.116,2025-02-14 16:02:21.116000,25.041,,,,,,,17:00 - 20:00 Vlaamse Wielerschool,,
GR11874,L03,1739548942.634,2025-02-14 16:02:22.634000,24.966,,,,,,,17:00 - 20:00 Vlaamse Wielerschool,,
SC98900,L07,1739548944.133,2025-02-14 16:02:24.133000,25.589,,,,,,,17:00 - 20:00 Vlaamse Wielerschool,,
SC98900,L01,1739548945.862,2025-02-14 16:02:25.862000,25.65,,,,,,,17:00 - 20:00 Vlaamse Wielerschool,,
GR11874,L04,1739548948.448,2025-02-14 16:02:28.448000,25.068,,,,,,,17:00 - 20:00 Vlaamse Wielerschool,,
SC98900,L02,1739548949.445,2025-02-14 16:02:29.445000,25.694,,,,,,,17:00 - 20:00 Vlaamse Wielerschool,,
SC98900,L03,1739548951.154,2025-02-14 16:02:31.154000,25.729,,,,,,,17:00 - 20:00 Vlaamse Wielerschool,,
GR11874,L05,1739548952.844,2025-02-14 16:02:32.844000,25.181,,,,,,,17:00 - 20:00 Vlaamse Wielerschool,,
GR11874,L06,1739548953.838,2025-02-14 16:02:33.838000,25.2,,,,,,,17:00 - 20:00 Vlaamse Wielerschool,,
SC98900,L04,1739548956.916,2025-02-14 16:02:36.916000,25.727,,,,,,,17:00 - 20:00 Vlaamse Wielerschool,,
SC98900,L05,1739548961.137,2025-02-14 16:02:41.137000,25.613,,,,,,,17:00 - 20:00 Vlaamse Wielerschool,,
GR11874,L07,1739548961.395,2025-02-14 16:02:41.395000,25.401,,,,,,,17:00 - 20:00 Vlaamse Wielerschool,,
SC98900,L06,1739548962.162,2025-02-14 16:02:42.162000,25.571,,,,,,,17:00 - 20:00 Vlaamse Wielerschool,,
GR11874,L01,1739548963.264,2025-02-14 16:02:43.264000,25.547,,,,,,,17:00 - 20:00 Vlaamse Wielerschool,,
GR11874,L02,1739548966.852,2025-02-14 16:02:46.852000,25.736,,,,,,,17:00 - 20:00 Vlaamse Wielerschool,,
GR11874,L03,1739548968.442,2025-02-14 16:02:48.442000,25.808,,,,,,,17:00 - 20:00 Vlaamse Wielerschool,,
SC98900,L07,1739548969.456,2025-02-14 16:02:49.456000,25.323,,,,,,,17:00 - 20:00 Vlaamse Wielerschool,,
GN87210,L07,1739548969.984,2025-02-14 16:02:49.984000,0.0,,,,,,,17:00 - 20:00 Vlaamse Wielerschool,,
SC98900,L01,1739548971.145,2025-02-14 16:02:51.145000,25.283,,,,,,,17:00 - 20:00 Vlaamse Wielerschool,,
GR11874,L04,1739548974.385,2025-02-14 16:02:54.385000,25.937,,,Tracking,,,,17:00 - 20:00 Vlaamse Wielerschool,,
SC98900,L02,1739548974.639,2025-02-14 16:02:54.639000,25.194,,,Tracking,,,,17:00 - 20:00 Vlaamse Wielerschool,,GR11874
GN87210,L05,1739548975.044,2025-02-14 16:02:55.044000,5.06,,,Tracking,,,,17:00 - 20:00 Vlaamse Wielerschool,,GR11874
GN87210,L06,1739548976.123,2025-02-14 16:02:56.123000,6.139,,,Tracking,,,,17:00 - 20:00 Vlaamse Wielerschool,,GR11874
SC98900,L03,1739548976.259,2025-02-14 16:02:56.259000,25.105,,,Tracking,,,,17:00 - 20:00 Vlaamse Wielerschool,,GR11874
GR11874,L05,1739548978.752,2025-02-14 16:02:58.752000,25.908,,,Tracking,,,,17:00 - 20:00 Vlaamse Wielerschool,,GR11874
GR11874,L06,1739548979.762,2025-02-14 16:02:59.762000,25.924,,,Tracking,,,,17:00 - 20:00 Vlaamse Wielerschool,,GR11874
SC98900,L04,1739548981.838,2025-02-14 16:03:01.838000,24.922,,,Tracking,,,,17:00 - 20:00 Vlaamse Wielerschool,,GR11874
GN87210,L07,1739548984.394,2025-02-14 16:03:04.394000,14.41,,,Tracking,,,,17:00 - 20:00 Vlaamse Wielerschool,,GR11874
SC98900,L05,1739548985.949,2025-02-14 16:03:05.949000,24.812,,,Tracking,,,,17:00 - 20:00 Vlaamse Wielerschool,,GR11874
GN87210,L01,1739548986.463,2025-02-14 16:03:06.463000,16.479,,,Tracking,,,,17:00 - 20:00 Vlaamse Wielerschool,,GR11874
SC98900,L06,1739548986.963,2025-02-14 16:03:06.963000,24.801,,,Tracking,,,,17:00 - 20:00 Vlaamse Wielerschool,,GR11874
GR11874,L07,1739548987.995,2025-02-14 16:03:07.995000,26.6,,,Tracking,,,,17:00 - 20:00 Vlaamse Wielerschool,,GR11874
GN87210,L02,1739548990.438,2025-02-14 16:03:10.438000,20.454,,,Tracking,,,,17:00 - 20:00 Vlaamse Wielerschool,,GR11874
GR11874,L01,1739548990.654,2025-02-14 16:03:10.654000,27.39,,,Tracking,,,,17:00 - 20:00 Vlaamse Wielerschool,,GR11874
GN87210,L03,1739548992.178,2025-02-14 16:03:12.178000,22.194,,,Tracking,,,,17:00 - 20:00 Vlaamse Wielerschool,,GR11874
SC98900,L07,1739548994.111,2025-02-14 16:03:14.111000,24.655,,,Tracking,,,,17:00 - 20:00 Vlaamse Wielerschool,,GR11874
SC98900,L01,1739548995.78,2025-02-14 16:03:15.780000,24.635,,,Tracking,,,,17:00 - 20:00 Vlaamse Wielerschool,,GR11874
GN87210,L04,1739548998.868,2025-02-14 16:03:18.868000,28.884,,,Tracking,,,,17:00 - 20:00 Vlaamse Wielerschool,,GR11874
SC98900,L02,1739548999.234,2025-02-14 16:03:19.234000,24.595,,,Tracking,,,,17:00 - 20:00 Vlaamse Wielerschool,,GR11874
SC98900,L03,1739549000.82,2025-02-14 16:03:20.820000,24.561,,,Tracking,,,,17:00 - 20:00 Vlaamse Wielerschool,,GR11874
GN87210,L05,1739549003.933,2025-02-14 16:03:23.933000,28.889,,,Tracking,,,,17:00 - 20:00 Vlaamse Wielerschool,,GR11874
GN87210,L06,1739549005.066,2025-02-14 16:03:25.066000,28.943,,,Tracking,,,,17:00 - 20:00 Vlaamse Wielerschool,,GR11874
SC98900,L04,1739549006.248,2025-02-14 16:03:26.248000,24.41,,,Tracking,,,,17:00 - 20:00 Vlaamse Wielerschool,,GR11874
SC98900,L05,1739549010.28,2025-02-14 16:03:30.280000,24.331,,,Tracking,,,,17:00 - 20:00 Vlaamse Wielerschool,,GR11874
SC98900,L06,1739549011.287,2025-02-14 16:03:31.287000,24.324,,,Tracking,,,,17:00 - 20:00 Vlaamse Wielerschool,,GR11874
GN87210,L07,1739549013.406,2025-02-14 16:03:33.406000,29.012,,,Tracking,,,,17:00 - 20:00 Vlaamse Wielerschool,,GR11874
GN87210,L01,1739549015.257,2025-02-14 16:03:35.257000,28.794,,,Tracking,,,,17:00 - 20:00 Vlaamse Wielerschool,,SC98900
SC98900,L07,1739549018.424,2025-02-14 16:03:38.424000,24.313,,,Tracking,,,,17:00 - 20:00 Vlaamse Wielerschool,,SC98900
GN87210,L02,1739549018.584,2025-02-14 16:03:38.584000,28.146,,,Tracking,,,,17:00 - 20:00 Vlaamse Wielerschool,,SC98900
GN87210,L03,1739549020.049,2025-02-14 16:03:40.049000,27.871,,,Tracking,,,,17:00 - 20:00 Vlaamse Wielerschool,,SC98900
SC98900,L01,1739549020.095,2025-02-14 16:03:40.095000,24.315,,,Tracking,,,,17:00 - 20:00 Vlaamse Wielerschool,,SC98900
SC98900,L02,1739549023.613,2025-02-14 16:03:43.613000,24.379,,,Tracking,,,,17:00 - 20:00 Vlaamse Wielerschool,,SC98900
SC98900,L03,1739549025.237,2025-02-14 16:03:45.237000,24.417,,,Tracking,,,,17:00 - 20:00 Vlaamse Wielerschool,,SC98900
GN87210,L04,1739549025.617,2025-02-14 16:03:45.617000,26.749,,,Tracking,,,,17:00 - 20:00 Vlaamse Wielerschool,,SC98900
GN87210,L05,1739549029.859,2025-02-14 16:03:49.859000,25.926,,,Tracking,,,,17:00 - 20:00 Vlaamse Wielerschool,,SC98900
SC98900,L04,1739549030.773,2025-02-14 16:03:50.773000,24.525,,,Tracking,,,,17:00 - 20:00 Vlaamse Wielerschool,,SC98900
GN87210,L06,1739549030.813,2025-02-14 16:03:50.813000,25.747,,,Tracking,,,,17:00 - 20:00 Vlaamse Wielerschool,,SC98900
SC98900,L05,1739549034.881,2025-02-14 16:03:54.881000,24.601,,,Tracking,,,,17:00 - 20:00 Vlaamse Wielerschool,,SC98900
SC98900,L06,1739549035.9,2025-02-14 16:03:55.900000,24.613,,,Tracking,,,,17:00 - 20:00 Vlaamse Wielerschool,,SC98900
GN87210,L07,1739549038.094,2025-02-14 16:03:58.094000,24.688,,,Tracking,,,,17:00 - 20:00 Vlaamse Wielerschool,,SC98900
GN87210,L01,1739549039.904,2025-02-14 16:03:59.904000,24.647,,,Tracking,,,,17:00 - 20:00 Vlaamse Wielerschool,,SC98900
SC98900,L07,1739549043.078,2025-02-14 16:04:03.078000,24.654,,,Tracking,,,,17:00 - 20:00 Vlaamse Wielerschool,,SC98900
GN87210,L02,1739549043.389,2025-02-14 16:04:03.389000,24.805,,,Tracking,,,,17:00 - 20:00 Vlaamse Wielerschool,,SC98900
SC98900,L01,1739549044.746,2025-02-14 16:04:04.746000,24.651,,,Tracking,,,,17:00 - 20:00 Vlaamse Wielerschool,,SC98900
GN87210,L03,1739549044.979,2025-02-14 16:04:04.979000,24.93,,,Tracking,,,,17:00 - 20:00 Vlaamse Wielerschool,,SC98900
SC98900,L02,1739549048.362,2025-02-14 16:04:08.362000,24.749,,,Tracking,,,,17:00 - 20:00 Vlaamse Wielerschool,,SC98900
SC98900,L03,1739549050.182,2025-02-14 16:04:10.182000,24.945,,,Tracking,,,,17:00 - 20:00 Vlaamse Wielerschool,,SC98900
GN87210,L04,1739549050.865,2025-02-14 16:04:10.865000,25.248,,,Tracking,,,,17:00 - 20:00 Vlaamse Wielerschool,,SC98900
GN87210,L05,1739549055.225,2025-02-14 16:04:15.225000,25.366,,,,,,,17:00 - 20:00 Vlaamse Wielerschool,,
SC98900,L04,1739549055.855,2025-02-14 16:04:15.855000,25.082,,,,,,,17:00 - 20:00 Vlaamse Wielerschool,,
GN87210,L06,1739549056.197,2025-02-14 16:04:16.197000,25.384,,,,,,,17:00 - 20:00 Vlaamse Wielerschool,,
SC98900,L05,1739549059.786,2025-02-14 16:04:19.786000,24.905,,,,,,,17:00 - 20:00 Vlaamse Wielerschool,,
SC98900,L06,1739549060.743,2025-02-14 16:04:20.743000,24.843,,,,,,,17:00 - 20:00 Vlaamse Wielerschool,,
GN87210,L07,1739549063.565,2025-02-14 16:04:23.565000,25.471,,,,,,,17:00 - 20:00 Vlaamse Wielerschool,,
GN87210,L01,1739549065.407,2025-02-14 16:04:25.407000,25.503,,,,,,,17:00 - 20:00 Vlaamse Wielerschool,,
SC98900,L07,1739549067.526,2025-02-14 16:04:27.526000,24.448,,,,,,,17:00 - 20:00 Vlaamse Wielerschool,,
GN87210,L02,1739549068.94,2025-02-14 16:04:28.940000,25.551,,,,,,,17:00 - 20:00 Vlaamse Wielerschool,,
SC98900,L01,1739549069.097,2025-02-14 16:04:29.097000,24.351,,,,,,,17:00 - 20:00 Vlaamse Wielerschool,,
GN87210,L03,1739549070.487,2025-02-14 16:04:30.487000,25.508,,,,,,,17:00 - 20:00 Vlaamse Wielerschool,,
SC98900,L02,1739549072.356,2025-02-14 16:04:32.356000,23.994,,,,,,,17:00 - 20:00 Vlaamse Wielerschool,,
SC98900,L03,1739549073.86,2025-02-14 16:04:33.860000,23.678,,,,,,,17:00 - 20:00 Vlaamse Wielerschool,,
GN87210,L04,1739549076.276,2025-02-14 16:04:36.276000,25.411,,,,,,,17:00 - 20:00 Vlaamse Wielerschool,,
SC98900,L04,1739549079.105,2025-02-14 16:04:39.105000,23.25,,,,,,,17:00 - 20:00 Vlaamse Wielerschool,,
GN87210,L05,1739549080.535,2025-02-14 16:04:40.535000,25.31,,,,,,,17:00 - 20:00 Vlaamse Wielerschool,,
GN87210,L06,1739549081.485,2025-02-14 16:04:41.485000,25.288,,,,,,,17:00 - 20:00 Vlaamse Wielerschool,,
SC98900,L05,1739549083.018,2025-02-14 16:04:43.018000,23.232,,,,,,,17:00 - 20:00 Vlaamse Wielerschool,,
SC98900,L06,1739549083.961,2025-02-14 16:04:43.961000,23.218,,,,,,,17:00 - 20:00 Vlaamse Wielerschool,,
GN87210,L07,1739549088.594,2025-02-14 16:04:48.594000,25.029,,,,,,,17:00 - 20:00 Vlaamse Wielerschool,,
GN87210,L01,1739549090.314,2025-02-14 16:04:50.314000,24.907,,,,,,,17:00 - 20:00 Vlaamse Wielerschool,,
SC98900,L07,1739549090.805,2025-02-14 16:04:50.805000,23.279,,,,,,,17:00 - 20:00 Vlaamse Wielerschool,,
SC98900,L01,1739549092.397,2025-02-14 16:04:52.397000,23.3,,,,,,,17:00 - 20:00 Vlaamse Wielerschool,,
FF30660,L07,1739549093.317,2025-02-14 16:04:53.317000,0.0,,,,,,,17:00 - 20:00 Vlaamse Wielerschool,,
RR01344,L07,1739549093.588,2025-02-14 16:04:53.588000,0.0,,,,,,,17:00 - 20:00 Vlaamse Wielerschool,,
GN87210,L02,1739549093.632,2025-02-14 16:04:53.632000,24.692,,,,,,,17:00 - 20:00 Vlaamse Wielerschool,,
GN87210,L03,1739549095.122,2025-02-14 16:04:55.122000,24.635,,,,,,,17:00 - 20:00 Vlaamse Wielerschool,,
FF30660,L01,1739549095.327,2025-02-14 16:04:55.327000,2.01,,,,,,,17:00 - 20:00 Vlaamse Wielerschool,,
RR01344,L01,1739549095.588,2025-02-14 16:04:55.588000,2.0,,,,,,,17:00 - 20:00 Vlaamse Wielerschool,,
SC98900,L02,1739549095.662,2025-02-14 16:04:55.662000,23.306,,,,,,,17:00 - 20:00 Vlaamse Wielerschool,,
SC98900,L03,1739549097.154,2025-02-14 16:04:57.154000,23.294,,,,,,,17:00 - 20:00 Vlaamse Wielerschool,,
FF30660,L02,1739549098.996,2025-02-14 16:04:58.996000,5.679,,,,,,,17:00 - 20:00 Vlaamse Wielerschool,,
RR01344,L02,1739549099.238,2025-02-14 16:04:59.238000,5.65,,,,,,,17:00 - 20:00 Vlaamse Wielerschool,,
FF30660,L03,1739549100.617,2025-02-14 16:05:00.617000,7.3,,,,,,,17:00 - 20:00 Vlaamse Wielerschool,,
GN87210,L04,1739549100.787,2025-02-14 16:05:00.787000,24.511,,,,,,,17:00 - 20:00 Vlaamse Wielerschool,,
RR01344,L03,1739549100.843,2025-02-14 16:05:00.843000,7.255,,,,,,,17:00 - 20:00 Vlaamse Wielerschool,,
SC98900,L04,1739549102.365,2025-02-14 16:05:02.365000,23.26,,,Tracking,,,,17:00 - 20:00 Vlaamse Wielerschool,,
GN87210,L05,1739549105.0,2025-02-14 16:05:05.000000,24.465,,,Tracking,,,,17:00 - 20:00 Vlaamse Wielerschool,,SC98900
GN87210,L06,1739549105.939,2025-02-14 16:05:05.939000,24.454,,,Tracking,,,,17:00 - 20:00 Vlaamse Wielerschool,,SC98900
SC98900,L05,1739549106.272,2025-02-14 16:05:06.272000,23.254,,,Tracking,,,,17:00 - 20:00 Vlaamse Wielerschool,,SC98900
FF30660,L04,1739549106.314,2025-02-14 16:05:06.314000,12.997,,,Tracking,,,,17:00 - 20:00 Vlaamse Wielerschool,,SC98900
RR01344,L04,1739549106.535,2025-02-14 16:05:06.535000,12.947,,,Tracking,,,,17:00 - 20:00 Vlaamse Wielerschool,,SC98900
SC98900,L06,1739549107.222,2025-02-14 16:05:07.222000,23.261,,,Tracking,,,,17:00 - 20:00 Vlaamse Wielerschool,,SC98900
FF30660,L05,1739549110.432,2025-02-14 16:05:10.432000,17.115,,,Tracking,,,,17:00 - 20:00 Vlaamse Wielerschool,,SC98900
RR01344,L05,1739549110.648,2025-02-14 16:05:10.648000,17.06,,,Tracking,,,,17:00 - 20:00 Vlaamse Wielerschool,,SC98900
FF30660,L06,1739549111.344,2025-02-14 16:05:11.344000,18.027,,,Tracking,,,,17:00 - 20:00 Vlaamse Wielerschool,,SC98900
RR01344,L06,1739549111.564,2025-02-14 16:05:11.564000,17.976,,,Tracking,,,,17:00 - 20:00 Vlaamse Wielerschool,,SC98900
GN87210,L07,1739549113.046,2025-02-14 16:05:13.046000,24.452,,,Tracking,,,,17:00 - 20:00 Vlaamse Wielerschool,,SC98900
SC98900,L07,1739549114.057,2025-02-14 16:05:14.057000,23.252,,,Tracking,,,,17:00 - 20:00 Vlaamse Wielerschool,,SC98900
GN87210,L01,1739549114.797,2025-02-14 16:05:14.797000,24.483,,,Tracking,,,,17:00 - 20:00 Vlaamse Wielerschool,,SC98900
SC98900,L01,1739549115.657,2025-02-14 16:05:15.657000,23.26,,,Tracking,,,,17:00 - 20:00 Vlaamse Wielerschool,,SC98900
FF30660,L07,1739549118.219,2025-02-14 16:05:18.219000,24.902,,,Tracking,,,,17:00 - 20:00 Vlaamse Wielerschool,,SC98900
GN87210,L02,1739549118.211,2025-02-14 16:05:18.211000,24.579,,,Tracking,,,,17:00 - 20:00 Vlaamse Wielerschool,,SC98900
RR01344,L07,1739549118.413,2025-02-14 16:05:18.413000,24.825,,,Tracking,,,,17:00 - 20:00 Vlaamse Wielerschool,,SC98900
SC98900,L02,1739549118.91,2025-02-14 16:05:18.910000,23.248,,,Tracking,,,,17:00 - 20:00 Vlaamse Wielerschool,,SC98900
GN87210,L03,1739549119.753,2025-02-14 16:05:19.753000,24.631,,,Tracking,,,,17:00 - 20:00 Vlaamse Wielerschool,,SC98900
FF30660,L01,1739549119.993,2025-02-14 16:05:19.993000,24.666,,,Tracking,,,,17:00 - 20:00 Vlaamse Wielerschool,,SC98900
RR01344,L01,1739549120.204,2025-02-14 16:05:20.204000,24.616,,,Tracking,,,,17:00 - 20:00 Vlaamse Wielerschool,,SC98900
SC98900,L03,1739549120.406,2025-02-14 16:05:20.406000,23.252,,,Tracking,,,,17:00 - 20:00 Vlaamse Wielerschool,,SC98900
FF30660,L02,1739549123.486,2025-02-14 16:05:23.486000,24.49,,,Tracking,,,,17:00 - 20:00 Vlaamse Wielerschool,,SC98900
RR01344,L02,1739549123.731,2025-02-14 16:05:23.731000,24.493,,,Tracking,,,,17:00 - 20:00 Vlaamse Wielerschool,,SC98900
FF30660,L03,1739549125.085,2025-02-14 16:05:25.085000,24.468,,,Tracking,,,,17:00 - 20:00 Vlaamse Wielerschool,,SC98900
RR01344,L03,1739549125.32,2025-02-14 16:05:25.320000,24.477,,,Tracking,,,,17:00 - 20:00 Vlaamse Wielerschool,,SC98900
GN87210,L04,1739549125.487,2025-02-14 16:05:25.487000,24.7,,,Tracking,,,,17:00 - 20:00 Vlaamse Wielerschool,,SC98900
SC98900,L04,1739549125.587,2025-02-14 16:05:25.587000,23.222,,,Tracking,,,,17:00 - 20:00 Vlaamse Wielerschool,,SC98900
SC98900,L05,1739549129.493,2025-02-14 16:05:29.493000,23.221,,,Tracking,,,,17:00 - 20:00 Vlaamse Wielerschool,,SC98900
GN87210,L05,1739549129.696,2025-02-14 16:05:29.696000,24.696,,,Tracking,,,,17:00 - 20:00 Vlaamse Wielerschool,,SC98900
SC98900,L06,1739549130.466,2025-02-14 16:05:30.466000,23.244,,,Tracking,,,,17:00 - 20:00 Vlaamse Wielerschool,,SC98900
GN87210,L06,1739549130.669,2025-02-14 16:05:30.669000,24.73,,,Tracking,,,,17:00 - 20:00 Vlaamse Wielerschool,,SC98900
FF30660,L04,1739549131.278,2025-02-14 16:05:31.278000,24.964,,,Tracking,,,,17:00 - 20:00 Vlaamse Wielerschool,,SC98900
RR01344,L04,1739549131.324,2025-02-14 16:05:31.324000,24.789,,,Tracking,,,,17:00 - 20:00 Vlaamse Wielerschool,,SC98900
RR01344,L05,1739549135.933,2025-02-14 16:05:35.933000,25.285,,,Tracking,,,,17:00 - 20:00 Vlaamse Wielerschool,,SC98900
FF30660,L05,1739549136.352,2025-02-14 16:05:36.352000,25.92,,,Tracking,,,,17:00 - 20:00 Vlaamse Wielerschool,,SC98900
GR11874,L05,1739549136.951,2025-02-14 16:05:36.951000,158.199,,,Tracking,,,,17:00 - 20:00 Vlaamse Wielerschool,,SC98900
RR01344,L06,1739549137.006,2025-02-14 16:05:37.006000,25.442,,,Tracking,,,,17:00 - 20:00 Vlaamse Wielerschool,,SC98900
SC98900,L07,1739549137.298,2025-02-14 16:05:37.298000,23.241,,,Tracking,,,,17:00 - 20:00 Vlaamse Wielerschool,,SC98900
FF30660,L06,1739549137.505,2025-02-14 16:05:37.505000,26.161,,,Tracking,,,,17:00 - 20:00 Vlaamse Wielerschool,,SC98900
GN87210,L07,1739549137.853,2025-02-14 16:05:37.853000,24.807,,,Tracking,,,,17:00 - 20:00 Vlaamse Wielerschool,,SC98900
GR11874,L06,1739549138.003,2025-02-14 16:05:38.003000,158.241,,,Tracking,,,,17:00 - 20:00 Vlaamse Wielerschool,,SC98900
SC98900,L01,1739549138.883,2025-02-14 16:05:38.883000,23.226,,,Tracking,,,,17:00 - 20:00 Vlaamse Wielerschool,,SC98900
GN87210,L01,1739549139.592,2025-02-14 16:05:39.592000,24.795,,,Tracking,,,,17:00 - 20:00 Vlaamse Wielerschool,,SC98900
SC98900,L02,1739549142.164,2025-02-14 16:05:42.164000,23.254,,,Tracking,,,,17:00 - 20:00 Vlaamse Wielerschool,,SC98900
GN87210,L02,1739549142.925,2025-02-14 16:05:42.925000,24.714,,,Tracking,,,,17:00 - 20:00 Vlaamse Wielerschool,,GN87210
SC98900,L03,1739549143.681,2025-02-14 16:05:43.681000,23.275,,,Tracking,,,,17:00 - 20:00 Vlaamse Wielerschool,,GN87210
GN87210,L03,1739549144.408,2025-02-14 16:05:44.408000,24.655,,,Tracking,,,,17:00 - 20:00 Vlaamse Wielerschool,,GN87210
RR01344,L07,1739549144.931,2025-02-14 16:05:44.931000,26.518,,,Tracking,,,,17:00 - 20:00 Vlaamse Wielerschool,,GN87210
RR01344,L01,1739549146.77,2025-02-14 16:05:46.770000,26.566,,,Tracking,,,,17:00 - 20:00 Vlaamse Wielerschool,,GN87210
GR11874,L07,1739549146.751,2025-02-14 16:05:46.751000,158.756,,,Tracking,,,,17:00 - 20:00 Vlaamse Wielerschool,,GN87210
GR11874,L01,1739549148.795,2025-02-14 16:05:48.795000,158.141,,,Tracking,,,,17:00 - 20:00 Vlaamse Wielerschool,,GN87210
SC98900,L04,1739549148.971,2025-02-14 16:05:48.971000,23.384,,,Tracking,,,,17:00 - 20:00 Vlaamse Wielerschool,,GN87210
GN87210,L04,1739549150.018,2025-02-14 16:05:50.018000,24.531,,,Tracking,,,,17:00 - 20:00 Vlaamse Wielerschool,,GN87210
RR01344,L02,1739549150.261,2025-02-14 16:05:50.261000,26.53,,,Tracking,,,,17:00 - 20:00 Vlaamse Wielerschool,,GN87210
RR01344,L03,1739549151.766,2025-02-14 16:05:51.766000,26.446,,,Tracking,,,,17:00 - 20:00 Vlaamse Wielerschool,,GN87210
GR11874,L02,1739549152.654,2025-02-14 16:05:52.654000,185.802,,,Tracking,,,,17:00 - 20:00 Vlaamse Wielerschool,,GN87210
SC98900,L05,1739549152.853,2025-02-14 16:05:52.853000,23.36,,,Tracking,,,,17:00 - 20:00 Vlaamse Wielerschool,,GN87210
SC98900,L06,1739549153.792,2025-02-14 16:05:53.792000,23.326,,,Tracking,,,,17:00 - 20:00 Vlaamse Wielerschool,,GN87210
GN87210,L05,1739549154.3,2025-02-14 16:05:54.300000,24.604,,,Tracking,,,,17:00 - 20:00 Vlaamse Wielerschool,,GN87210
GR11874,L03,1739549154.434,2025-02-14 16:05:54.434000,185.992,,,Tracking,,,,17:00 - 20:00 Vlaamse Wielerschool,,GN87210
GN87210,L06,1739549155.244,2025-02-14 16:05:55.244000,24.575,,,Tracking,,,,17:00 - 20:00 Vlaamse Wielerschool,,GN87210
RR01344,L04,1739549157.335,2025-02-14 16:05:57.335000,26.011,,,Tracking,,,,17:00 - 20:00 Vlaamse Wielerschool,,GN87210
SC98900,L07,1739549160.544,2025-02-14 16:06:00.544000,23.246,,,Tracking,,,,17:00 - 20:00 Vlaamse Wielerschool,,GN87210
GR11874,L04,1739549161.018,2025-02-14 16:06:01.018000,186.633,,,Tracking,,,,17:00 - 20:00 Vlaamse Wielerschool,,GN87210
RR01344,L05,1739549161.635,2025-02-14 16:06:01.635000,25.702,,,Tracking,,,,17:00 - 20:00 Vlaamse Wielerschool,,GN87210
SC98900,L01,1739549162.114,2025-02-14 16:06:02.114000,23.231,,,Tracking,,,,17:00 - 20:00 Vlaamse Wielerschool,,GN87210
GN87210,L07,1739549162.488,2025-02-14 16:06:02.488000,24.635,,,Tracking,,,,17:00 - 20:00 Vlaamse Wielerschool,,GN87210
RR01344,L06,1739549162.589,2025-02-14 16:06:02.589000,25.583,,,Tracking,,,,17:00 - 20:00 Vlaamse Wielerschool,,GN87210
GN87210,L01,1739549164.294,2025-02-14 16:06:04.294000,24.702,,,Tracking,,,,17:00 - 20:00 Vlaamse Wielerschool,,GN87210
SC98900,L02,1739549165.341,2025-02-14 16:06:05.341000,23.177,,,Tracking,,,,17:00 - 20:00 Vlaamse Wielerschool,,GN87210
PX83485,L07,1739549165.532,2025-02-14 16:06:05.532000,0.0,,,Tracking,,,,17:00 - 20:00 Vlaamse Wielerschool,,GN87210
GR11874,L05,1739549165.986,2025-02-14 16:06:05.986000,29.035,,,Tracking,,,,17:00 - 20:00 Vlaamse Wielerschool,,GN87210
SC98900,L03,1739549166.844,2025-02-14 16:06:06.844000,23.163,,,Tracking,,,,17:00 - 20:00 Vlaamse Wielerschool,,GN87210
GR11874,L06,1739549167.095,2025-02-14 16:06:07.095000,29.092,,,Tracking,,,,17:00 - 20:00 Vlaamse Wielerschool,,GN87210
GN87210,L02,1739549167.779,2025-02-14 16:06:07.779000,24.854,,,Tracking,,,,17:00 - 20:00 Vlaamse Wielerschool,,GN87210
GN87210,L03,1739549169.343,2025-02-14 16:06:09.343000,24.935,,,Tracking,,,,17:00 - 20:00 Vlaamse Wielerschool,,GN87210
RR01344,L07,1739549170.124,2025-02-14 16:06:10.124000,25.193,,,Tracking,,,,17:00 - 20:00 Vlaamse Wielerschool,,GN87210
RR01344,L01,1739549171.995,2025-02-14 16:06:11.995000,25.225,,,Tracking,,,,17:00 - 20:00 Vlaamse Wielerschool,,GN87210
SC98900,L04,1739549172.082,2025-02-14 16:06:12.082000,23.111,,,Tracking,,,,17:00 - 20:00 Vlaamse Wielerschool,,GN87210
PX83485,L02,1739549173.884,2025-02-14 16:06:13.884000,8.352,,,Tracking,,,,17:00 - 20:00 Vlaamse Wielerschool,,GN87210
GN87210,L04,1739549175.171,2025-02-14 16:06:15.171000,25.153,,,Tracking,,,,17:00 - 20:00 Vlaamse Wielerschool,,GN87210
GR11874,L07,1739549175.33,2025-02-14 16:06:15.330000,28.579,,,Tracking,,,,17:00 - 20:00 Vlaamse Wielerschool,,GN87210
RR01344,L02,1739549175.632,2025-02-14 16:06:15.632000,25.371,,,Tracking,,,,17:00 - 20:00 Vlaamse Wielerschool,,GN87210
SC98900,L05,1739549175.968,2025-02-14 16:06:15.968000,23.115,,,Tracking,,,,17:00 - 20:00 Vlaamse Wielerschool,,GN87210
SC98900,L06,1739549176.934,2025-02-14 16:06:16.934000,23.142,,,Tracking,,,,17:00 - 20:00 Vlaamse Wielerschool,,GN87210
PX83485,L03,1739549176.969,2025-02-14 16:06:16.969000,11.437,,,Tracking,,,,17:00 - 20:00 Vlaamse Wielerschool,,GN87210
GR11874,L01,1739549177.378,2025-02-14 16:06:17.378000,28.583,,,Tracking,,,,17:00 - 20:00 Vlaamse Wielerschool,,GN87210
RR01344,L03,1739549177.306,2025-02-14 16:06:17.306000,25.54,,,Tracking,,,,17:00 - 20:00 Vlaamse Wielerschool,,GN87210
GN87210,L05,1739549179.518,2025-02-14 16:06:19.518000,25.218,,,Tracking,,,,17:00 - 20:00 Vlaamse Wielerschool,,GN87210
GN87210,L06,1739549180.489,2025-02-14 16:06:20.489000,25.245,,,Tracking,,,,17:00 - 20:00 Vlaamse Wielerschool,,GN87210
GR11874,L02,1739549181.328,2025-02-14 16:06:21.328000,28.674,,,Tracking,,,,17:00 - 20:00 Vlaamse Wielerschool,,GN87210
GR11874,L03,1739549183.105,2025-02-14 16:06:23.105000,28.671,,,Tracking,,,,17:00 - 20:00 Vlaamse Wielerschool,,GN87210
RR01344,L04,1739549183.227,2025-02-14 16:06:23.227000,25.892,,,Tracking,,,,17:00 - 20:00 Vlaamse Wielerschool,,RR01344
SC98900,L07,1739549183.69,2025-02-14 16:06:23.690000,23.146,,,Tracking,,,,17:00 - 20:00 Vlaamse Wielerschool,,RR01344
SC98900,L01,1739549185.255,2025-02-14 16:06:25.255000,23.141,,,Tracking,,,,17:00 - 20:00 Vlaamse Wielerschool,,RR01344
RR01344,L05,1739549187.648,2025-02-14 16:06:27.648000,26.013,,,Tracking,,,,17:00 - 20:00 Vlaamse Wielerschool,,RR01344
GN87210,L07,1739549187.968,2025-02-14 16:06:27.968000,25.48,,,Tracking,,,,17:00 - 20:00 Vlaamse Wielerschool,,RR01344
GR11874,L04,1739549188.732,2025-02-14 16:06:28.732000,27.714,,,Tracking,,,,17:00 - 20:00 Vlaamse Wielerschool,,RR01344
SC98900,L02,1739549188.55,2025-02-14 16:06:28.550000,23.209,,,Tracking,,,,17:00 - 20:00 Vlaamse Wielerschool,,RR01344
RR01344,L06,1739549188.672,2025-02-14 16:06:28.672000,26.083,,,Tracking,,,,17:00 - 20:00 Vlaamse Wielerschool,,RR01344
GN87210,L01,1739549189.829,2025-02-14 16:06:29.829000,25.535,,,Tracking,,,,17:00 - 20:00 Vlaamse Wielerschool,,RR01344
SC98900,L03,1739549190.086,2025-02-14 16:06:30.086000,23.242,,,Tracking,,,,17:00 - 20:00 Vlaamse Wielerschool,,RR01344
GR11874,L05,1739549192.73,2025-02-14 16:06:32.730000,26.744,,,Tracking,,,,17:00 - 20:00 Vlaamse Wielerschool,,RR01344
GN87210,L02,1739549193.462,2025-02-14 16:06:33.462000,25.683,,,Tracking,,,,17:00 - 20:00 Vlaamse Wielerschool,,RR01344
GR11874,L06,1739549193.63,2025-02-14 16:06:33.630000,26.535,,,Tracking,,,,17:00 - 20:00 Vlaamse Wielerschool,,RR01344
PX83485,L05,1739549194.798,2025-02-14 16:06:34.798000,29.266,,,Tracking,,,,17:00 - 20:00 Vlaamse Wielerschool,,RR01344
GN87210,L03,1739549195.08,2025-02-14 16:06:35.080000,25.737,,,Tracking,,,,17:00 - 20:00 Vlaamse Wielerschool,,RR01344
SC98900,L04,1739549195.371,2025-02-14 16:06:35.371000,23.289,,,Tracking,,,,17:00 - 20:00 Vlaamse Wielerschool,,RR01344
PX83485,L06,1739549195.992,2025-02-14 16:06:35.992000,30.46,,,Tracking,,,,17:00 - 20:00 Vlaamse Wielerschool,,RR01344
RR01344,L07,1739549196.272,2025-02-14 16:06:36.272000,26.148,,,Tracking,,,,17:00 - 20:00 Vlaamse Wielerschool,,RR01344
RR01344,L01,1739549198.144,2025-02-14 16:06:38.144000,26.149,,,Tracking,,,,17:00 - 20:00 Vlaamse Wielerschool,,RR01344
SC98900,L05,1739549199.285,2025-02-14 16:06:39.285000,23.317,,,Tracking,,,,17:00 - 20:00 Vlaamse Wielerschool,,RR01344
SC98900,L06,1739549200.256,2025-02-14 16:06:40.256000,23.322,,,Tracking,,,,17:00 - 20:00 Vlaamse Wielerschool,,RR01344
GR11874,L07,1739549200.487,2025-02-14 16:06:40.487000,25.157,,,Tracking,,,,17:00 - 20:00 Vlaamse Wielerschool,,RR01344
GN87210,L04,1739549201.165,2025-02-14 16:06:41.165000,25.994,,,Tracking,,,,17:00 - 20:00 Vlaamse Wielerschool,,RR01344
RR01344,L02,1739549201.773,2025-02-14 16:06:41.773000,26.141,,,Tracking,,,,17:00 - 20:00 Vlaamse Wielerschool,,RR01344
GR11874,L01,1739549202.19,2025-02-14 16:06:42.190000,24.812,,,Tracking,,,,17:00 - 20:00 Vlaamse Wielerschool,,RR01344
RR01344,L03,1739549203.431,2025-02-14 16:06:43.431000,26.125,,,Tracking,,,,17:00 - 20:00 Vlaamse Wielerschool,,RR01344
PX83485,L07,1739549204.289,2025-02-14 16:06:44.289000,38.757,,,Tracking,,,,17:00 - 20:00 Vlaamse Wielerschool,,RR01344
GR11874,L02,1739549205.495,2025-02-14 16:06:45.495000,24.167,,,Tracking,,,,17:00 - 20:00 Vlaamse Wielerschool,,RR01344
GN87210,L05,1739549205.76,2025-02-14 16:06:45.760000,26.242,,,Tracking,,,,17:00 - 20:00 Vlaamse Wielerschool,,RR01344
PX83485,L01,1739549206.164,2025-02-14 16:06:46.164000,40.632,,,Tracking,,,,17:00 - 20:00 Vlaamse Wielerschool,,RR01344
GN87210,L06,1739549206.794,2025-02-14 16:06:46.794000,26.305,,,Tracking,,,,17:00 - 20:00 Vlaamse Wielerschool,,RR01344
SC98900,L07,1739549207.073,2025-02-14 16:06:47.073000,23.383,,,Tracking,,,,17:00 - 20:00 Vlaamse Wielerschool,,RR01344
GR11874,L03,1739549206.989,2025-02-14 16:06:46.989000,23.884,,,Tracking,,,,17:00 - 20:00 Vlaamse Wielerschool,,RR01344
SC98900,L01,1739549208.639,2025-02-14 16:06:48.639000,23.384,,,Tracking,,,,17:00 - 20:00 Vlaamse Wielerschool,,RR01344
RR01344,L04,1739549209.424,2025-02-14 16:06:49.424000,26.197,,,Tracking,,,,17:00 - 20:00 Vlaamse Wielerschool,,RR01344
PX83485,L02,1739549209.943,2025-02-14 16:06:49.943000,36.059,,,Tracking,,,,17:00 - 20:00 Vlaamse Wielerschool,,RR01344
PX83485,L03,1739549211.646,2025-02-14 16:06:51.646000,34.677,,,Tracking,,,,17:00 - 20:00 Vlaamse Wielerschool,,RR01344
SC98900,L02,1739549211.897,2025-02-14 16:06:51.897000,23.347,,,Tracking,,,,17:00 - 20:00 Vlaamse Wielerschool,,RR01344
GR11874,L04,1739549212.428,2025-02-14 16:06:52.428000,23.696,,,Tracking,,,,17:00 - 20:00 Vlaamse Wielerschool,,RR01344
SC98900,L03,1739549213.397,2025-02-14 16:06:53.397000,23.311,,,Tracking,,,,17:00 - 20:00 Vlaamse Wielerschool,,RR01344
RR01344,L05,1739549213.903,2025-02-14 16:06:53.903000,26.255,,,Tracking,,,,17:00 - 20:00 Vlaamse Wielerschool,,RR01344
GN87210,L07,1739549214.755,2025-02-14 16:06:54.755000,26.787,,,Tracking,,,,17:00 - 20:00 Vlaamse Wielerschool,,RR01344
RR01344,L06,1739549214.908,2025-02-14 16:06:54.908000,26.236,,,Tracking,,,,17:00 - 20:00 Vlaamse Wielerschool,,RR01344
GR11874,L05,1739549216.509,2025-02-14 16:06:56.509000,23.779,,,Tracking,,,,17:00 - 20:00 Vlaamse Wielerschool,,RR01344
GN87210,L01,1739549216.73,2025-02-14 16:06:56.730000,26.901,,,Tracking,,,,17:00 - 20:00 Vlaamse Wielerschool,,RR01344
GR11874,L06,1739549217.435,2025-02-14 16:06:57.435000,23.805,,,Tracking,,,,17:00 - 20:00 Vlaamse Wielerschool,,RR01344
PX83485,L04,1739549217.557,2025-02-14 16:06:57.557000,52.025,,,Tracking,,,,17:00 - 20:00 Vlaamse Wielerschool,,RR01344
SC98900,L04,1739549218.696,2025-02-14 16:06:58.696000,23.325,,,Tracking,,,,17:00 - 20:00 Vlaamse Wielerschool,,RR01344
GN87210,L02,1739549220.545,2025-02-14 16:07:00.545000,27.083,,,Tracking,,,,17:00 - 20:00 Vlaamse Wielerschool,,RR01344
PX83485,L05,1739549221.995,2025-02-14 16:07:01.995000,27.197,,,Tracking,,,,17:00 - 20:00 Vlaamse Wielerschool,,RR01344
GN87210,L03,1739549222.235,2025-02-14 16:07:02.235000,27.155,,,Tracking,,,,17:00 - 20:00 Vlaamse Wielerschool,,RR01344
RR01344,L07,1739549222.628,2025-02-14 16:07:02.628000,26.356,,,Tracking,,,,17:00 - 20:00 Vlaamse Wielerschool,,RR01344
SC98900,L05,1739549222.627,2025-02-14 16:07:02.627000,23.342,,,Tracking,,,,17:00 - 20:00 Vlaamse Wielerschool,,RR01344
PX83485,L06,1739549223.08,2025-02-14 16:07:03.080000,27.088,,,Tracking,,,,17:00 - 20:00 Vlaamse Wielerschool,,RR01344
SC98900,L06,1739549223.589,2025-02-14 16:07:03.589000,23.333,,,Tracking,,,,17:00 - 20:00 Vlaamse Wielerschool,,PX83485
GR11874,L07,1739549224.501,2025-02-14 16:07:04.501000,24.014,,,Tracking,,,,17:00 - 20:00 Vlaamse Wielerschool,,PX83485
RR01344,L01,1739549224.544,2025-02-14 16:07:04.544000,26.4,,,Tracking,,,,17:00 - 20:00 Vlaamse Wielerschool,,PX83485
GR11874,L01,1739549224.736,2025-02-14 16:07:04.736000,22.546,,,Tracking,,,,17:00 - 20:00 Vlaamse Wielerschool,,PX83485
RR01344,L02,1739549228.157,2025-02-14 16:07:08.157000,26.384,,,Tracking,,,,17:00 - 20:00 Vlaamse Wielerschool,,PX83485
GN87210,L04,1739549228.692,2025-02-14 16:07:08.692000,27.527,,,Tracking,,,,17:00 - 20:00 Vlaamse Wielerschool,,PX83485
GR11874,L02,1739549229.485,2025-02-14 16:07:09.485000,23.99,,,Tracking,,,,17:00 - 20:00 Vlaamse Wielerschool,,PX83485
RR01344,L03,1739549229.805,2025-02-14 16:07:09.805000,26.374,,,Tracking,,,,17:00 - 20:00 Vlaamse Wielerschool,,PX83485
SC98900,L07,1739549230.428,2025-02-14 16:07:10.428000,23.355,,,Tracking,,,,17:00 - 20:00 Vlaamse Wielerschool,,PX83485
PX83485,L07,1739549230.756,2025-02-14 16:07:10.756000,26.467,,,Tracking,,,,17:00 - 20:00 Vlaamse Wielerschool,,PX83485
GR11874,L03,1739549231.028,2025-02-14 16:07:11.028000,24.039,,,Tracking,,,,17:00 - 20:00 Vlaamse Wielerschool,,PX83485
SC98900,L01,1739549231.981,2025-02-14 16:07:11.981000,23.342,,,Tracking,,,,17:00 - 20:00 Vlaamse Wielerschool,,PX83485
PX83485,L01,1739549232.544,2025-02-14 16:07:12.544000,26.38,,,Tracking,,,,17:00 - 20:00 Vlaamse Wielerschool,,PX83485
GN87210,L05,1739549233.598,2025-02-14 16:07:13.598000,27.838,,,Tracking,,,,17:00 - 20:00 Vlaamse Wielerschool,,PX83485
GT49254,L07,1739549234.107,2025-02-14 16:07:14.107000,0.0,,,Tracking,,,,17:00 - 20:00 Vlaamse Wielerschool,,PX83485
GN87210,L06,1739549234.695,2025-02-14 16:07:14.695000,27.901,,,Tracking,,,,17:00 - 20:00 Vlaamse Wielerschool,,PX83485
SC98900,L02,1739549235.246,2025-02-14 16:07:15.246000,23.349,,,Tracking,,,,17:00 - 20:00 Vlaamse Wielerschool,,PX83485
RR01344,L04,1739549235.941,2025-02-14 16:07:15.941000,26.517,,,Tracking,,,,17:00 - 20:00 Vlaamse Wielerschool,,PX83485
PX83485,L02,1739549236.244,2025-02-14 16:07:16.244000,26.301,,,Tracking,,,,17:00 - 20:00 Vlaamse Wielerschool,,PX83485
SC98900,L03,1739549236.75,2025-02-14 16:07:16.750000,23.353,,,Tracking,,,,17:00 - 20:00 Vlaamse Wielerschool,,PX83485
GR11874,L04,1739549236.885,2025-02-14 16:07:16.885000,24.457,,,Tracking,,,,17:00 - 20:00 Vlaamse Wielerschool,,PX83485
PX83485,L03,1739549237.932,2025-02-14 16:07:17.932000,26.286,,,Tracking,,,,17:00 - 20:00 Vlaamse Wielerschool,,PX83485
GT49254,L02,1739549240.348,2025-02-14 16:07:20.348000,6.241,,,Tracking,,,,17:00 - 20:00 Vlaamse Wielerschool,,PX83485
RR01344,L05,1739549240.391,2025-02-14 16:07:20.391000,26.488,,,Tracking,,,,17:00 - 20:00 Vlaamse Wielerschool,,PX83485
FF30660,L05,1739549240.664,2025-02-14 16:07:20.664000,104.312,,,Tracking,,,,17:00 - 20:00 Vlaamse Wielerschool,,PX83485
GR11874,L05,1739549241.331,2025-02-14 16:07:21.331000,24.822,,,Tracking,,,,17:00 - 20:00 Vlaamse Wielerschool,,PX83485
RR01344,L06,1739549241.398,2025-02-14 16:07:21.398000,26.49,,,Tracking,,,,17:00 - 20:00 Vlaamse Wielerschool,,PX83485
FF30660,L06,1739549241.689,2025-02-14 16:07:21.689000,104.184,,,Tracking,,,,17:00 - 20:00 Vlaamse Wielerschool,,PX83485
GT49254,L03,1739549242.056,2025-02-14 16:07:22.056000,7.949,,,Tracking,,,,17:00 - 20:00 Vlaamse Wielerschool,,PX83485
SC98900,L04,1739549241.996,2025-02-14 16:07:21.996000,23.3,,,Tracking,,,,17:00 - 20:00 Vlaamse Wielerschool,,PX83485
GR11874,L06,1739549242.258,2025-02-14 16:07:22.258000,24.823,,,Tracking,,,,17:00 - 20:00 Vlaamse Wielerschool,,PX83485
GN87210,L07,1739549242.924,2025-02-14 16:07:22.924000,28.169,,,Tracking,,,,17:00 - 20:00 Vlaamse Wielerschool,,PX83485
PX83485,L04,1739549243.737,2025-02-14 16:07:23.737000,26.18,,,Tracking,,,,17:00 - 20:00 Vlaamse Wielerschool,,PX83485
GN87210,L01,1739549244.965,2025-02-14 16:07:24.965000,28.235,,,Tracking,,,,17:00 - 20:00 Vlaamse Wielerschool,,PX83485
SC98900,L05,1739549245.92,2025-02-14 16:07:25.920000,23.293,,,Tracking,,,,17:00 - 20:00 Vlaamse Wielerschool,,PX83485
SC98900,L06,1739549246.887,2025-02-14 16:07:26.887000,23.298,,,Tracking,,,,17:00 - 20:00 Vlaamse Wielerschool,,PX83485
PX83485,L05,1739549248.027,2025-02-14 16:07:28.027000,26.032,,,Tracking,,,,17:00 - 20:00 Vlaamse Wielerschool,,PX83485
GN87210,L02,1739549248.844,2025-02-14 16:07:28.844000,28.299,,,Tracking,,,,17:00 - 20:00 Vlaamse Wielerschool,,PX83485
RR01344,L07,1739549249.063,2025-02-14 16:07:29.063000,26.435,,,Tracking,,,,17:00 - 20:00 Vlaamse Wielerschool,,PX83485
PX83485,L06,1739549249.098,2025-02-14 16:07:29.098000,26.018,,,Tracking,,,,17:00 - 20:00 Vlaamse Wielerschool,,PX83485
FF30660,L07,1739549249.334,2025-02-14 16:07:29.334000,131.115,,,Tracking,,,,17:00 - 20:00 Vlaamse Wielerschool,,PX83485
GR11874,L07,1739549249.6,2025-02-14 16:07:29.600000,25.099,,,Tracking,,,,17:00 - 20:00 Vlaamse Wielerschool,,PX83485
GN87210,L03,1739549250.546,2025-02-14 16:07:30.546000,28.311,,,Tracking,,,,17:00 - 20:00 Vlaamse Wielerschool,,PX83485
RR01344,L01,1739549250.905,2025-02-14 16:07:30.905000,26.361,,,Tracking,,,,17:00 - 20:00 Vlaamse Wielerschool,,PX83485
FF30660,L01,1739549251.212,2025-02-14 16:07:31.212000,131.219,,,Tracking,,,,17:00 - 20:00 Vlaamse Wielerschool,,PX83485
GR11874,L01,1739549251.446,2025-02-14 16:07:31.446000,26.71,,,Tracking,,,,17:00 - 20:00 Vlaamse Wielerschool,,PX83485
GT49254,L05,1739549252.112,2025-02-14 16:07:32.112000,18.005,,,Tracking,,,,17:00 - 20:00 Vlaamse Wielerschool,,PX83485
GT49254,L06,1739549253.064,2025-02-14 16:07:33.064000,18.957,,,Tracking,,,,17:00 - 20:00 Vlaamse Wielerschool,,PX83485
SC98900,L07,1739549253.687,2025-02-14 16:07:33.687000,23.259,,,Tracking,,,,17:00 - 20:00 Vlaamse Wielerschool,,PX83485
RR01344,L02,1739549254.501,2025-02-14 16:07:34.501000,26.344,,,Tracking,,,,17:00 - 20:00 Vlaamse Wielerschool,,PX83485
FF30660,L02,1739549254.825,2025-02-14 16:07:34.825000,131.339,,,Tracking,,,,17:00 - 20:00 Vlaamse Wielerschool,,PX83485
SC98900,L01,1739549255.266,2025-02-14 16:07:35.266000,23.285,,,Tracking,,,,17:00 - 20:00 Vlaamse Wielerschool,,PX83485
GR11874,L02,1739549255.04,2025-02-14 16:07:35.040000,25.555,,,Tracking,,,,17:00 - 20:00 Vlaamse Wielerschool,,PX83485
RR01344,L03,1739549256.1,2025-02-14 16:07:36.100000,26.295,,,Tracking,,,,17:00 - 20:00 Vlaamse Wielerschool,,PX83485
FF30660,L03,1739549256.425,2025-02-14 16:07:36.425000,131.34,,,Tracking,,,,17:00 - 20:00 Vlaamse Wielerschool,,PX83485
GR11874,L03,1739549256.656,2025-02-14 16:07:36.656000,25.628,,,Tracking,,,,17:00 - 20:00 Vlaamse Wielerschool,,PX83485
PX83485,L07,1739549256.78,2025-02-14 16:07:36.780000,26.024,,,Tracking,,,,17:00 - 20:00 Vlaamse Wielerschool,,PX83485
GN87210,L04,1739549256.895,2025-02-14 16:07:36.895000,28.203,,,Tracking,,,,17:00 - 20:00 Vlaamse Wielerschool,,PX83485
PX83485,L01,1739549258.531,2025-02-14 16:07:38.531000,25.987,,,Tracking,,,,17:00 - 20:00 Vlaamse Wielerschool,,PX83485
SC98900,L02,1739549258.56,2025-02-14 16:07:38.560000,23.314,,,Tracking,,,,17:00 - 20:00 Vlaamse Wielerschool,,PX83485
GT49254,L07,1739549260.1,2025-02-14 16:07:40.100000,25.993,,,Tracking,,,,17:00 - 20:00 Vlaamse Wielerschool,,PX83485
SC98900,L03,1739549260.091,2025-02-14 16:07:40.091000,23.341,,,Tracking,,,,17:00 - 20:00 Vlaamse Wielerschool,,PX83485
GN87210,L05,1739549261.477,2025-02-14 16:07:41.477000,27.879,,,Tracking,,,,17:00 - 20:00 Vlaamse Wielerschool,,PX83485
GT49254,L01,1739549261.786,2025-02-14 16:07:41.786000,27.679,,,Tracking,,,,17:00 - 20:00 Vlaamse Wielerschool,,PX83485
RR01344,L04,1739549262.069,2025-02-14 16:07:42.069000,26.128,,,Tracking,,,,17:00 - 20:00 Vlaamse Wielerschool,,PX83485
FF30660,L04,1739549262.402,2025-02-14 16:07:42.402000,131.124,,,Tracking,,,,17:00 - 20:00 Vlaamse Wielerschool,,PX83485
PX83485,L02,1739549262.245,2025-02-14 16:07:42.245000,26.001,,,Tracking,,,,17:00 - 20:00 Vlaamse Wielerschool,,PX83485
GN87210,L06,1739549262.513,2025-02-14 16:07:42.513000,27.818,,,Tracking,,,,17:00 - 20:00 Vlaamse Wielerschool,,PX83485
GR11874,L04,1739549262.591,2025-02-14 16:07:42.591000,25.706,,,Tracking,,,,17:00 - 20:00 Vlaamse Wielerschool,,PX83485
PX83485,L03,1739549264.0,2025-02-14 16:07:44.000000,26.068,,,Tracking,,,,17:00 - 20:00 Vlaamse Wielerschool,,FF30660
GT49254,L02,1739549265.032,2025-02-14 16:07:45.032000,24.684,,,Tracking,,,,17:00 - 20:00 Vlaamse Wielerschool,,FF30660
SC98900,L04,1739549265.342,2025-02-14 16:07:45.342000,23.346,,,Tracking,,,,17:00 - 20:00 Vlaamse Wielerschool,,FF30660
GT49254,L03,1739549266.476,2025-02-14 16:07:46.476000,24.42,,,Tracking,,,,17:00 - 20:00 Vlaamse Wielerschool,,FF30660
RR01344,L05,1739549266.556,2025-02-14 16:07:46.556000,26.165,,,Tracking,,,,17:00 - 20:00 Vlaamse Wielerschool,,FF30660
FF30660,L05,1739549266.837,2025-02-14 16:07:46.837000,26.173,,,Tracking,,,,17:00 - 20:00 Vlaamse Wielerschool,,FF30660
GR11874,L05,1739549267.095,2025-02-14 16:07:47.095000,25.764,,,Tracking,,,,17:00 - 20:00 Vlaamse Wielerschool,,FF30660
RR01344,L06,1739549267.566,2025-02-14 16:07:47.566000,26.168,,,Tracking,,,,17:00 - 20:00 Vlaamse Wielerschool,,FF30660
FF30660,L06,1739549267.834,2025-02-14 16:07:47.834000,26.145,,,Tracking,,,,17:00 - 20:00 Vlaamse Wielerschool,,FF30660
GR11874,L06,1739549268.069,2025-02-14 16:07:48.069000,25.811,,,Tracking,,,,17:00 - 20:00 Vlaamse Wielerschool,,FF30660
SC98900,L05,1739549269.228,2025-02-14 16:07:49.228000,23.308,,,Tracking,,,,17:00 - 20:00 Vlaamse Wielerschool,,FF30660
PX83485,L04,1739549270.029,2025-02-14 16:07:50.029000,26.292,,,Tracking,,,,17:00 - 20:00 Vlaamse Wielerschool,,FF30660
SC98900,L06,1739549270.181,2025-02-14 16:07:50.181000,23.294,,,Tracking,,,,17:00 - 20:00 Vlaamse Wielerschool,,FF30660
GN87210,L07,1739549270.574,2025-02-14 16:07:50.574000,27.65,,,Tracking,,,,17:00 - 20:00 Vlaamse Wielerschool,,FF30660
GT49254,L04,1739549271.724,2025-02-14 16:07:51.724000,37.617,,,Tracking,,,,17:00 - 20:00 Vlaamse Wielerschool,,FF30660
GN87210,L01,1739549272.609,2025-02-14 16:07:52.609000,27.644,,,Tracking,,,,17:00 - 20:00 Vlaamse Wielerschool,,FF30660
PX83485,L05,1739549274.531,2025-02-14 16:07:54.531000,26.504,,,Tracking,,,,17:00 - 20:00 Vlaamse Wielerschool,,FF30660
RR01344,L07,1739549275.078,2025-02-14 16:07:55.078000,26.015,,,Tracking,,,,17:00 - 20:00 Vlaamse Wielerschool,,FF30660
FF30660,L07,1739549275.351,2025-02-14 16:07:55.351000,26.017,,,Tracking,,,,17:00 - 20:00 Vlaamse Wielerschool,,FF30660
GT49254,L05,1739549275.725,2025-02-14 16:07:55.725000,23.613,,,Tracking,,,,17:00 - 20:00 Vlaamse Wielerschool,,FF30660
GR11874,L07,1739549275.576,2025-02-14 16:07:55.576000,25.976,,,Tracking,,,,17:00 - 20:00 Vlaamse Wielerschool,,FF30660
PX83485,L06,1739549275.637,2025-02-14 16:07:55.637000,26.539,,,Tracking,,,,17:00 - 20:00 Vlaamse Wielerschool,,FF30660
GT49254,L06,1739549276.633,2025-02-14 16:07:56.633000,23.569,,,Tracking,,,,17:00 - 20:00 Vlaamse Wielerschool,,FF30660
GN87210,L02,1739549276.522,2025-02-14 16:07:56.522000,27.678,,,Tracking,,,,17:00 - 20:00 Vlaamse Wielerschool,,FF30660
RR01344,L01,1739549276.946,2025-02-14 16:07:56.946000,26.041,,,Tracking,,,,17:00 - 20:00 Vlaamse Wielerschool,,FF30660
SC98900,L07,1739549277.018,2025-02-14 16:07:57.018000,23.331,,,Tracking,,,,17:00 - 20:00 Vlaamse Wielerschool,,FF30660
FF30660,L01,1739549277.208,2025-02-14 16:07:57.208000,25.996,,,Tracking,,,,17:00 - 20:00 Vlaamse Wielerschool,,FF30660
GR11874,L01,1739549277.449,2025-02-14 16:07:57.449000,26.003,,,Tracking,,,,17:00 - 20:00 Vlaamse Wielerschool,,FF30660
GN87210,L03,1739549278.254,2025-02-14 16:07:58.254000,27.708,,,Tracking,,,,17:00 - 20:00 Vlaamse Wielerschool,,FF30660
SC98900,L01,1739549278.601,2025-02-14 16:07:58.601000,23.335,,,Tracking,,,,17:00 - 20:00 Vlaamse Wielerschool,,FF30660
RR01344,L02,1739549280.517,2025-02-14 16:08:00.517000,26.016,,,Tracking,,,,17:00 - 20:00 Vlaamse Wielerschool,,FF30660
FF30660,L02,1739549280.771,2025-02-14 16:08:00.771000,25.946,,,Tracking,,,,17:00 - 20:00 Vlaamse Wielerschool,,FF30660
GR11874,L02,1739549281.072,2025-02-14 16:08:01.072000,26.032,,,Tracking,,,,17:00 - 20:00 Vlaamse Wielerschool,,FF30660
SC98900,L02,1739549281.926,2025-02-14 16:08:01.926000,23.366,,,Tracking,,,,17:00 - 20:00 Vlaamse Wielerschool,,FF30660
RR01344,L03,1739549282.102,2025-02-14 16:08:02.102000,26.002,,,Tracking,,,,17:00 - 20:00 Vlaamse Wielerschool,,FF30660
FF30660,L03,1739549282.354,2025-02-14 16:08:02.354000,25.929,,,Tracking,,,,17:00 - 20:00 Vlaamse Wielerschool,,FF30660
GR11874,L03,1739549282.669,2025-02-14 16:08:02.669000,26.013,,,Tracking,,,,17:00 - 20:00 Vlaamse Wielerschool,,FF30660
GT49254,L07,1739549283.405,2025-02-14 16:08:03.405000,23.305,,,Tracking,,,,17:00 - 20:00 Vlaamse Wielerschool,,FF30660
SC98900,L03,1739549283.461,2025-02-14 16:08:03.461000,23.37,,,Tracking,,,,17:00 - 20:00 Vlaamse Wielerschool,,FF30660
PX83485,L07,1739549283.598,2025-02-14 16:08:03.598000,26.818,,,Tracking,,,,17:00 - 20:00 Vlaamse Wielerschool,,FF30660
GN87210,L04,1739549284.714,2025-02-14 16:08:04.714000,27.819,,,Tracking,,,,17:00 - 20:00 Vlaamse Wielerschool,,FF30660
GT49254,L01,1739549285.061,2025-02-14 16:08:05.061000,23.275,,,Tracking,,,,17:00 - 20:00 Vlaamse Wielerschool,,FF30660
PX83485,L01,1739549285.437,2025-02-14 16:08:05.437000,26.906,,,Tracking,,,,17:00 - 20:00 Vlaamse Wielerschool,,FF30660
RR01344,L04,1739549288.116,2025-02-14 16:08:08.116000,26.047,,,Tracking,,,,17:00 - 20:00 Vlaamse Wielerschool,,FF30660
GT49254,L02,1739549288.305,2025-02-14 16:08:08.305000,23.273,,,Tracking,,,,17:00 - 20:00 Vlaamse Wielerschool,,FF30660
FF30660,L04,1739549288.386,2025-02-14 16:08:08.386000,25.984,,,Tracking,,,,17:00 - 20:00 Vlaamse Wielerschool,,FF30660
GR11874,L04,1739549288.596,2025-02-14 16:08:08.596000,26.005,,,Tracking,,,,17:00 - 20:00 Vlaamse Wielerschool,,FF30660
SC98900,L04,1739549288.762,2025-02-14 16:08:08.762000,23.42,,,Tracking,,,,17:00 - 20:00 Vlaamse Wielerschool,,FF30660
PX83485,L02,1739549289.313,2025-02-14 16:08:09.313000,27.068,,,Tracking,,,,17:00 - 20:00 Vlaamse Wielerschool,,FF30660
GN87210,L05,1739549289.56,2025-02-14 16:08:09.560000,28.083,,,Tracking,,,,17:00 - 20:00 Vlaamse Wielerschool,,FF30660

